origin	sha256	rule	action	first_line	last_line
PCBoard-PPE-s-D-F/dma_2dwall.zip::FILE_ID.DIZ	50ef15ee0783e1a9ac07cba4e067929181e52b02e27b4c9f922348c6540e37b0	holland-number-one-transit	AutoClean	13	13
PCBoard-PPE-s-D-F/dod_2ddl1c.zip::FILE_ID.DIZ	976f96a82b6734f6c42ca2c968f633fd4ac5fe3c2d5d15fbe6c294056396d3db	limpy-crack-mark	ReportOnly	19	19
PCBoard-PPE-s-D-F/dod_2due12.zip::FILE_ID.DIZ	3cbf9611df6d0f7aceb54937be8ee093720b023ab8e7e8ae528bf9a5c63e28f5	ambient-hauze-transit	AutoClean	18	18
PCBoard-PPE-s-D-F/dod_2dup32.zip::FILE_ID.DIZ	d99c9c72e548a0929489b908e082ab424b67b08b74b0dc80d6bc31835ea6dbf1	risc-couriering-94	AutoClean	18	18
PCBoard-PPE-s-D-F/dodnew11.zip::FILE_ID.DIZ	c085ac86f1535bbec523c79795a3031d5cf9c2c4152b557fa315ae4b31c9d259	rts-couriers	AutoClean	15	15
PCBoard-PPE-s-D-F/elt_2dnfse.zip::FILE_ID.DIZ	35aa0b2d30982c24c06c0526935e648834ac0af6120458d0885f1f99fd139cac	bsbbs-phone	AutoClean	17	17
PCBoard-PPE-s-D-F/flx_2deblt.zip::FILE_ID.DIZ	14d2ed7d06e484479d57b7cbeab86d0e17633da17b590358ab7d59826b604982	digital-delusions-transit-315	AutoClean	9	9
PCBoard-PPE-s-D-F/food_21bll.zip::FILE_ID.DIZ	0163de5266db5e9a89213e7755b1177cfb317265cb1df66b1e43c456accb413c	fate97-courier	AutoClean	11	11
PCBoard-PPE-s-D-F/fsn_2dnuu.zip::FILE_ID.DIZ	8cea9cfd119a65f1a2007ffbc420a365ab5d7a9a9c16bfcb4697b13ae9182763	rts-whq-transit	AutoClean	15	15
PCBoard-PPE-s-D-F/fsn_2dnuu.zip::FILE_ID.DIZ	8cea9cfd119a65f1a2007ffbc420a365ab5d7a9a9c16bfcb4697b13ae9182763	nuclear-insemination-promotion	ReportOnly	13	13
PCBoard-PPE-s-D-F/ftatul16.zip::FILE_ID.DIZ	a945a4a3d4cc8c2d8f739db2877428d794f88a095ba3115af39cf88109d51304	high-tech-couriers-cross	AutoClean	10	10
PCBoard-PPE-s-G-I/gnxzmrf1.zip::FILE_ID.DIZ	c3afebd9f5cfc8851a512d11bd2615b7b183fdd96db8cb8925c7bc0565aacee5	metro-couriers-95	AutoClean	12	12
PCBoard-PPE-s-G-I/imn_2daloh.zip::FILE_ID.DIZ	9799a7c081f27b95c6b9a15da31c10e72bc4571d18e15b34ee1b6283241e759a	nexus-project-promotion	ReportOnly	15	16
PCBoard-PPE-s-G-I/imn_2dbdkk.zip::FILE_ID.DIZ	7449cc3ae58ca8a0f97936b876d97835e1a00f166ca6dc07bba9f3a028779387	nexus-project-promotion	ReportOnly	16	17
PCBoard-PPE-s-G-I/imn_2ddisc.zip::FILE_ID.DIZ	1694950e2e3ed153d2b287eb10063a7be477d6b52fa5900b7954fb59fe69ee50	nexus-project-promotion	ReportOnly	15	16
PCBoard-PPE-s-J-O/jm_mf_10.zip::FILE_ID.DIZ	11708c79fcf545d060e2b12cb69c54f48935b49340e7c5e32ff3b4f414e8082d	wild-thing-transit-box	AutoClean	10	12
PCBoard-PPE-s-J-O/lspd_2dnup.zip::FILE_ID.DIZ	a71595d2b821366a2ee6384b48b19f891121ab4144409b5a9e81bc4880c4ee04	digital-delusions-transit	AutoClean	10	10
PCBoard-PPE-s-J-O/lspd_2dnup.zip::file_id.diz	6cdcf571174c0dc4d3e485283e72d828373a46142557cc20554a09c9f56df9a0	high-tech-couriers-95	AutoClean	11	11
PCBoard-PPE-s-J-O/lspd_2dnup.zip::file_id.diz	6cdcf571174c0dc4d3e485283e72d828373a46142557cc20554a09c9f56df9a0	digital-delusions-transit	AutoClean	10	10
PCBoard-PPE-s-J-O/lspd_2dvfb.zip::FILE_ID.DIZ	ac0e25a908ce7746fb9198553e9381df7a61335dd77bd5120af252d201f3a7f5	ufp-couriering	AutoClean	10	10
PCBoard-PPE-s-J-O/lspd_2dvts.zip::FILE_ID.DIZ	c362b5c647cc1b243d2549afa51c9f36ac6e9931e48cf0e3cc2a39f5c8180a9c	ufp-couriering	AutoClean	10	10
PCBoard-PPE-s-J-O/lspderv1.zip::FILE_ID.DIZ	4acab0180a958955e551e748563bd4d01d0dc1dae86437bf61f78ee949cf451e	distinct-courier	AutoClean	11	11
PCBoard-PPE-s-J-O/lspderv1.zip::FILE_ID.DIZ	4acab0180a958955e551e748563bd4d01d0dc1dae86437bf61f78ee949cf451e	digital-delusions-transit	AutoClean	10	10
PCBoard-PPE-s-J-O/lspdex1.zip::FILE_ID.DIZ	b9ddf0f03492af3cc363e0c509237c0b7d885facf62fed6af20726c2ab122242	digital-delusions-transit	AutoClean	11	11
PCBoard-PPE-s-J-O/lspdex1.zip::FILE_ID.DIZ	b9ddf0f03492af3cc363e0c509237c0b7d885facf62fed6af20726c2ab122242	high-tech-couriers-slash	AutoClean	10	10
PCBoard-PPE-s-J-O/lspdol12.zip::FILE_ID.DIZ	317e150f181a6dbab8195cfd552226251543838e9e977da363380460bb355c91	digital-delusions-transit	AutoClean	10	10
PCBoard-PPE-s-J-O/mtntmes2.zip::FILE_ID.DIZ	c896bc0ea55f9efc0ce480a8909fabe087cb8a63fd7df146da4963bfddb00ba8	mtnt-hacker-courier	ReportOnly	12	13
PCBoard-PPE-s-J-O/nk_2drmr20.zip::FILE_ID.DIZ	d7949b2de0cd717ac6d114099fda703b879c9f51b436409187aa3bfc13d622ba	reckless-life-promotion	ReportOnly	12	12
PCBoard-PPE-s-J-O/nkpage12.zip::FILE_ID.DIZ	d6705fd7036b50c41436832ad362d1be3a5a853c518587316304f332e2fb10ca	reckless-life-promotion	ReportOnly	11	11
PCBoard-PPE-s-J-O/nwread2.zip::FILE_ID.DIZ	de12c0a4ed2247e9cae9389db870a7ee55843f6dfb2b71f577a58fea096b360d	rod-bbs-transit	AutoClean	7	7
PCBoard-PPE-s-J-O/nwreader.zip::FILE_ID.DIZ	cd8e96e4e73f77d22484f9ad580f990d1b464e7fbd9d970a508a7048b7b5bb34	rod-bbs-transit	AutoClean	7	7
PCBoard-PPE-s-P-R/ror_2dmail.zip::FILE_ID.DIZ	861c72032fbde130cd2945e43e1a62b2e847313dc54afc0fb9c358b33f691caf	fate95-courier	AutoClean	10	10
PCBoard-PPE-s-P-R/ror_2dslam.zip::FILE_ID.DIZ	1feb816b433993284e6f4dd88cc86909755d21267bc4fe609e54c54e949a55e0	fate95-courier-slash	AutoClean	11	11
PCBoard-PPE-s-S-Z/spell111.zip::FILE_ID.DIZ	8dff7e185edf0be7153c779a149b6205aa4618d07e2fffc39e266d92082f21f6	wild-thing-transit-box	AutoClean	11	13
PCBoard-PPE-s-S-Z/wkd_2dlam1.zip::FILE_ID.DIZ	f0f32ddab4f6edde63be9b633031f80f8ae6178c56c7c5e07c8ad14f0f5e7640	disembodied-lands-promotion	ReportOnly	13	14
PCBoard-PPE-s-by-PWA/art1bpwa.zip::FILE_ID.DIZ	d9cc0b0fb4dbe6d1386103bccf4b7a3e340c140eea94237cefef03f1030556c6	white-sands-transit	AutoClean	12	14
PCBoard-PPE-s-by-PWA/ciafonlr.zip::FILE_ID.DIZ	d7d18253fb595f077b58ae41cde791fa297b70ad358525dd05808afb057214b2	spaezm-couriers	AutoClean	12	12
PCBoard-PPE-s-by-PWA/infopwa.zip::FILE_ID.DIZ	7fdfaec6608dd17147c390ff319a4a26098ab782103bbb6afa4a1eada487dd97	scimitar-spreader	AutoClean	12	12
PCBoard-PPE-s-by-PWA/lur98pwa.zip::FILE_ID.DIZ	1e8b2a73c145040da5141e8bba70ad8e3daa28d6fcf83ea202de0864f5286dd3	blood-pool-transit	AutoClean	15	15
PCBoard-PPE-s-by-PWA/lur98pwa.zip::FILE_ID.DIZ	1e8b2a73c145040da5141e8bba70ad8e3daa28d6fcf83ea202de0864f5286dd3	white-sands-transit	AutoClean	12	14
PCBoard-PPE-s-by-PWA/p2pcbpwa.zip::FILE_ID.DIZ	c12817449d9bdc8c15a652df98ac4a60cd29e7d4b02c058affd592684bd1b0fc	critical-strike-transit	AutoClean	12	17
PCBoard-PPE-s-by-PWA/pwa_2daa1.zip::FILE_ID.DIZ	5e7fbcfeff050b9ae29f296820e9b0885dbf2ec5cfc7670882f48bf4391385b2	scimitar-spreader	AutoClean	12	12
PCBoard-PPE-s-by-PWA/pwa_2dlog1.zip::FILE_ID.DIZ	f28a1fbad0dda54150896b62a12a58748286cb8be9b72e5a9510b26e811ab8c9	scimitar-spreader	AutoClean	12	12
PCBoard-PPE-s-by-PWA/pwa_aa1.zip::FILE_ID.DIZ	5e7fbcfeff050b9ae29f296820e9b0885dbf2ec5cfc7670882f48bf4391385b2	scimitar-spreader	AutoClean	12	12
PCBoard-PPE-s-by-PWA/pwa_log1.zip::FILE_ID.DIZ	f28a1fbad0dda54150896b62a12a58748286cb8be9b72e5a9510b26e811ab8c9	scimitar-spreader	AutoClean	12	12
PCBoard-Utils/pfed_104.zip::FILE_ID.DIZ	6f0597a40272380e4f8e64d856b914a8d060480602179508d903d5507ba9f6e7	wild-thing-euro-connection	AutoClean	15	16
PCboard-PPE-s-A-C/2_2ddownx.zip::FILE_ID.DIZ	78ae4a0057da9e9aee2fe294416dd291d8f7d2e577b575491aab2d6988906a79	unknown-realm-transit	AutoClean	7	8
PCboard-PPE-s-A-C/911lv1b.zip::FILE_ID.DIZ	27253b31f75e1dac0c2f5766998c036c86fd31f8e53af3ad2843370dd503c06e	critical-strike-transit	AutoClean	8	13
PCboard-PPE-s-A-C/acd_2dag20.zip::FILE_ID.DIZ	f9b8c24968a3f01757515b825f0e5c7012b1dc718214be1937919f28bd5e29a1	critical-strike-transit	AutoClean	18	23
PCboard-PPE-s-A-C/acd_2dmcs1.zip::FILE_ID.DIZ	680eb43a569e7b591d6d355bc27373d88a0d65e891faf55c193dae333a14ecdb	critical-strike-transit	AutoClean	2	7
PCboard-PPE-s-A-C/afl_2dup.zip::FILE_ID.DIZ	ad9eb194f5532d2f68536c8cf7e5369eda234fcb3949b9c2b05f5f73da183889	critical-strike-transit	AutoClean	13	18
PCboard-PPE-s-A-C/afl_run1.zip::FILE_ID.DIZ	68c5d741124ebc7ffe3bd624ce5e3d18f3ba00e951886bdd87bb9b042666f530	critical-strike-transit	AutoClean	11	16
PCboard-PPE-s-A-C/ag_2deul10.zip::FILE_ID.DIZ	de82f619245b46ec62782739fbe09b310ae160550cf1e3a65b818ec40666d960	critical-strike-transit	AutoClean	17	22
PCboard-PPE-s-A-C/agscnf10.zip::FILE_ID.DIZ	5430a35fafe75860b08569a63d958c54240a7ceed074e7fbf3126c46e68d35a4	critical-strike-transit	AutoClean	15	20
PCboard-PPE-s-A-C/agsentr1.zip::FILE_ID.DIZ	9fa29df5bb2edac7ba12015979a6bdece2d5c09851e5c4329ed665b532fba3a7	critical-strike-transit	AutoClean	11	16
PCboard-PPE-s-A-C/agsjoin1.zip::FILE_ID.DIZ	bb26167be2e36f7a74925049f6ecd68bdb4d00154e157386defc20189960ebb7	critical-strike-transit	AutoClean	15	20
PCboard-PPE-s-A-C/agslog23.zip::FILE_ID.DIZ	7d7f7b43de4c696fc38ce715d2d8ddc4a2529792ef5c033d57f707de31a12fe1	critical-strike-transit	AutoClean	20	25
PCboard-PPE-s-A-C/agsnmai0.zip::FILE_ID.DIZ	e6041603cb007100e57fa6ce9245cbdf08cba6702b4dbd0297298f2e1d69b6c1	critical-strike-transit	AutoClean	11	16
PCboard-PPE-s-A-C/amiu060.zip::FILE_ID.DIZ	79316d582697b3a04a882c1a83d79f0391ff9fcffc3df5c2ec88c791a471a716	liquid-whq-footer	AutoClean	15	16
PCboard-PPE-s-A-C/bcpg10.zip::FILE_ID.DIZ	a60ce8a9f167ac1da235ddb2bbbd4151b297947961770b1b24c5632e96eb9f4f	kort-whq-upload	AutoClean	12	14
PCboard-PPE-s-A-C/bcwm051.zip::FILE_ID.DIZ	e08169dac114a32a512e43c46f065d412f5ad0bd749b04da10e0f2cf32b66e18	wild-thing-euro-connection	AutoClean	13	14
PCboard-PPE-s-A-C/blot_ul.zip::FILE_ID.DIZ	05acb1732dc6b7a7daf06282e8d3e6aa2e6134e438bc5ccb6e758a9a26ba8bdd	lords-couriering-94	AutoClean	14	14
PCboard-PPE-s-A-C/bpc_2dqb.zip::FILE_ID.DIZ	3c49057a2ca1bdd961ea984d5137b3d134eaf2e888bc1f95ffff1c7276dadad8	bsbbs-phone-obfuscated	AutoClean	18	18
PCboard-PPE-s-A-C/bpc_2dreg3.zip::FILE_ID.DIZ	734f03dbf77b46d16f51f4cce2c7c92d52b04d028d35eb93da25ca4975c9cec8	bsbbs-phone-obfuscated	AutoClean	17	17
PCboard-PPE-s-A-C/bpc_2dub10.zip::FILE_ID.DIZ	52be23638df013e566feb840e7a30ceaf36d66111d9f39a66e84e76748578af7	bsbbs-phone-obfuscated	AutoClean	20	20
PCboard-PPE-s-A-C/bpc_2dub10.zip::FILE_ID.DIZ	52be23638df013e566feb840e7a30ceaf36d66111d9f39a66e84e76748578af7	bsbbs-phone	AutoClean	19	19
PCboard-PPE-s-A-C/bpc_2duj11.zip::FILE_ID.DIZ	da8f985853e9f70f22a102f6d4a87ddd414a3017e26d83497d7b5960f8b2781d	bsbbs-phone-obfuscated	AutoClean	21	21
PCboard-PPE-s-A-C/bpc_2duj11.zip::FILE_ID.DIZ	da8f985853e9f70f22a102f6d4a87ddd414a3017e26d83497d7b5960f8b2781d	bsbbs-phone	AutoClean	20	20
PCboard-PPE-s-A-C/bpc_2dzp4.zip::FILE_ID.DIZ	cb6366f57f6c6f1cd8bb8793b352b3a967376c100220d18314caec642878ec0c	bsbbs-phone-obfuscated	AutoClean	20	20
PCboard-PPE-s-A-C/caz_2dentr.zip::FILE_ID.DIZ	67f67e277aff69dd05648f0389e499ac00426394cd594486f3a011d6b6ccf532	eyes-cream-transit	AutoClean	13	17
PCboard-PPE-s-A-C/caz_2dentz.zip::FILE_ID.DIZ	1b481b2f84603d52f63d8ab0a1e3b4a2f24ba0c4fe556bd40024fdb2c1e8d447	eyes-cream-transit	AutoClean	13	17
PCboard-PPE-s-A-C/caz_2dgte.zip::FILE_ID.DIZ	777275b7a15d1fc9a0bf3aaae8e6c30fe7cdd9fd282b832d0fe8d9360a759e0b	eyes-cream-transit	AutoClean	13	17
PCboard-PPE-s-A-C/caz_2dszd.zip::FILE_ID.DIZ	f8f0bd1dda2cb17d987a96db3888db396a461c0f6293c4991c5235b60105606d	eyes-cream-transit	AutoClean	12	16
PCboard-PPE-s-A-C/cr_2ddisc.zip::FILE_ID.DIZ	1328b04d26f71a3128f87b5e6f76a01e58ce513086a80eb388778cc2d7e959a7	nostrum-nine-promotion	ReportOnly	17	18
PCboard-PPE-s-A-C/cr_2drands.zip::FILE_ID.DIZ	b66f59aa5cecf71f9253ef3a5b7337b7632b6ab9296a65bf27c6b18eb26df78c	nostrum-nine-promotion	ReportOnly	17	18
